<?xml version="1.0" encoding="UTF-8"?>
<!DOCTYPE hibernate-reverse-engineering PUBLIC "-//Hibernate/Hibernate Reverse Engineering DTD 3.0//EN" "http://hibernate.sourceforge.net/hibernate-reverse-engineering-3.0.dtd" >

<hibernate-reverse-engineering>
  <table-filter match-catalog="facturation2" match-name="adresse"/>
  <table-filter match-catalog="facturation2" match-name="categorie"/>
  <table-filter match-catalog="facturation2" match-name="client"/>
  <table-filter match-catalog="facturation2" match-name="composite"/>
  <table-filter match-catalog="facturation2" match-name="detail"/>
  <table-filter match-catalog="facturation2" match-name="facture"/>
  <table-filter match-catalog="facturation2" match-name="identification"/>
  <table-filter match-catalog="facturation2" match-name="pays"/>
  <table-filter match-catalog="facturation2" match-name="personne"/>
  <table-filter match-catalog="facturation2" match-name="produit"/>
  <table-filter match-catalog="facturation2" match-name="vendeur"/>
</hibernate-reverse-engineering>